,profile
0,"At any level, in any company, my motivation is always the same.

Melville said it best: ""I am tormented by an everlasting itch for things remote."" In business I translate this as a never ending drive for change. I see disruption of the normal as the best way forward, always.

My teams are encouraged, cajoled, and ultimately driven to different ways of thinking. Average, standard, and usual are never words used to describe the work I participate in.

Passionate about collaboration and agile methodologies, I refuse to believe a thing cannot be improved. I strive to keep myself surrounded by people smarter than me who are not afraid to express opinions and call me out on mine.

I have a diverse background in leadership, software development, business technology, and project management. In all these areas I have experimented constantly. My least successful endeavors have been those where I did not question the process, but merely played along.

I have a proven track record overseeing complex operations. I thrive on managing multiple, overlapping projects with shared resources and constrained budgets. Motivating disparate teams across both geographical and disciplinary distances pushes me to always find better, faster, more efficient ways to succeed.

I'm highly motivated, immensely ethical, and never willing to give up.

This is me today, but change is always in the air and tomorrow I might be something different. Change is hard, but it keeps us alive and young. I can't think of anything more enticing. Experience
Company Name
E Source
Total Duration
4 yrs 5 mos
Title
Chief Operating Officer
Dates Employed
Apr 2015 ‚Äì Oct 2018
Employment Duration
3 yrs 7 mos
Location
Boulder
ÔÇß Drove a diverse set of stakeholders across the company to rely more heavily on data analytics, customer feedback, and truly objective metrics to define product creation and delivery.
ÔÇß Defined and enforced rigid data and process governance to assure accuracy, currency, and value of all data sources.
ÔÇß Continued to provide leadership and real-time direction to all project work across Software Development, Business Technology, and Facilities.
ÔÇß Consistently built and nurtured highly successful teams across multiple disciplines.
ÔÇß Coordinated with all department leaders to build efficient, cross-team efforts around product creation, delivery, and maintenance.
ÔÇß Led seven disparate teams and coordinated with all other departments.
ÔÇß Maintained an Agile-focused environment across all company initiatives.
ÔÇß Placed employee growth, challenge, and success ahead of all other considerations. Our people are our product.
ÔÇß Remained ever willing to change, adapt, and grow in our engagement, product development, and culture.
ÔÇß Interacted daily with Finance, Sales, Marketing, Market Research, and Consulting groups in addition to my teams to maintain a consistent direction company-wide.
ÔÇß Approved and supported budgets for the entire $20 million-dollar operation. This included direct responsibility for seven operational expense budgets totaling nearly $8 million.
ÔÇß Oversaw the cultural, professional, and collaborative growth of 93 full and part-time employees, ten of them remote.
See less
Title
Chief Technology Officer
Dates Employed
Jun 2014 ‚Äì Oct 2018
Employment Duration
4 yrs 5 mos
ÔÇß Maintained highly trained technical teams across Business Technology, Software Development, Business Intelligence, and Project Management.
ÔÇß Created and operated from detailed project plans for both internal and external endeavors. No project proceeded without strong ROI and resource availability confirmed.
ÔÇß Drove appropriate and continuous professional development across all teams to assure currency in our technological and analytical endeavors.
ÔÇß Enforced a ‚Äúdata first‚Äù approach to product development and customer engagement across all company departments.
ÔÇß Built automation into every action of all departments. Never do anything manually twice.
ÔÇß Championed the use of agile methodologies even outside the technical teams.
ÔÇß Maintained a strong focus on cross-team collaboration based on technological solutions.
See less
Software Development Manager
Company Name
Enserca Engineering
Dates Employed
Oct 2013 ‚Äì Jun 2014
Employment Duration
9 mos
ÔÇß Reimagined the focus and functionality of the internal PM tools. Designed new features, better functionality, and more intuitive processes around business goals.
ÔÇß Engaged internal and external customers and partners in better understanding needed outcomes, costs, and schedules related to both the development and utilization of PM software.
ÔÇß Migrated the existing team from Java to Ruby and added additional resources to round out the skill sets of the team.
ÔÇß Instituted aggressive, Agile development practices involving all team members in both design and development.
ÔÇß Developed peer/stakeholder review and regularly scheduled training as integral steps in the development process.
ÔÇß Mandated test-driven development, UI experimentation, heavy AJAX integration for both improved user experience and increased performance.
ÔÇß Developed a continuous deployment process across development/staging/production servers.
ÔÇß Wrote, tested, and deployed code with the team every day.
See less
Co-Founder
Company Name
Funding Launchpad
Dates Employed
Jan 2012 ‚Äì Aug 2013
Employment Duration
1 yr 8 mos
Location
Boulder, Colorado
ÔÇß Educated the other principals on the possibilities and constraints of various product
approaches.
ÔÇß Initiated TDD procedures for rapid development and deployment of products.
ÔÇß Developed the initial system with Ruby on Rails, jQuery, and PostgreSQL.
ÔÇß Acquired and mentored development resources for the entire development stack.
ÔÇß Communicated with investors and clients on technical issues.
ÔÇß Worked with the other principals on company vision and strategic planning.
See less
Director of Software Services
Company Name
Ascend Analytics
Dates Employed
Mar 2012 ‚Äì Apr 2013
Employment Duration
1 yr 2 mos
Location
Boulder, Colorado
ÔÇß Changed management style from command and control to collaborative.
ÔÇß Altered team structure to create specialty groups that adhered to the ‚Äúsingle
responsibility‚Äù principle.
ÔÇß Improved client communications by altering the message to be less adversarial.
ÔÇß Shortened delivery schedules by involving clients more thoroughly in the
implementation process.
ÔÇß Supported sales efforts through direct client communication, software demonstration,
and stronger project management at the beginning of projects.
ÔÇß Sat on the Senior Management Team and was active in strategic, budget, and growth
decisions for the company.
See less
Principal
Company Name
RandomSPACE, LLC
Dates Employed
Aug 2002 ‚Äì Mar 2012
Employment Duration
9 yrs 8 mos
Location
Boulder, CO
ÔÇß Founded the project management consultancy focused on the construction industry and grew it to over $5 million in annual revenue.
ÔÇß Specialized in process improvement through technology and efficiency engineering.
ÔÇß Created project management processes that were used to manage the entire lifecycle from design through client occupancy.
ÔÇß Maintained resources, schedules, and projects through custom online service.
ÔÇß Doubled revenue each year through 2008.
ÔÇß Managed multiple trades and suppliers across multiple concurrent projects.
ÔÇß Coordinated construction loan activities and managed bank funding on numerous projects for both homeowners and contractors.
ÔÇß Helped contractors create and deliver weekly status updates to clients including scheduling updates, budget updates, and planning for future work.
ÔÇß Developed online tools with PHP/MySQL/Linux.
See less
Show 2 more experiences Skills & Endorsements
Project Management
See 47 endorsements for Project Management
47
Endorsed by Amy B. Doyle and 1 other mutual connection
Endorsed by 4 of Chris‚Äô colleagues at E Source
Management
See 42 endorsements for Management
42
Endorsed by Connor Doyle (mutual connection)
Endorsed by 6 of Chris‚Äô colleagues at E Source
Software Development
See 39 endorsements for Software Development
39
Endorsed by Oksana Lien, who is highly skilled at this
Endorsed by Michelle Hernandez Lane and 3 other mutual connections
Industry Knowledge
Software Project Management
See 37 endorsements for Software Project Management
37
Endorse Chris for skill: Strategy
Strategy
See 31 endorsements for Strategy
31
Start-ups
See 23 endorsements for Start-ups
23
Endorse Chris for skill: Web Development
Web Development
See 18 endorsements for Web Development
18
CRM
See 16 endorsements for CRM
16
Endorse Chris for skill: Agile Methodologies
Agile Methodologies
See 15 endorsements for Agile Methodologies
15
Scrum
See 14 endorsements for Scrum
14
Endorse Chris for skill: Product Management
Product Management
See 10 endorsements for Product Management
10
Analytics
See 10 endorsements for Analytics
10
Endorse Chris for skill: IT Management
IT Management
See 8 endorsements for IT Management
8
Professional Services
See 8 endorsements for Professional Services
8
Endorse Chris for skill: Entrepreneurship
Entrepreneurship
See 7 endorsements for Entrepreneurship
7
Business Strategy
See 6 endorsements for Business Strategy
6
Endorse Chris for skill: Analysis
Analysis
See 6 endorsements for Analysis
6
Integration
See 5 endorsements for Integration
5
Endorse Chris for skill: Strategic Planning
Strategic Planning
See 5 endorsements for Strategic Planning
5
Process Improvement
See 4 endorsements for Process Improvement
4
Endorse Chris for skill: Data Analysis
Data Analysis
See 4 endorsements for Data Analysis
4
Software Engineering
See 3 endorsements for Software Engineering
3
Endorse Chris for skill: Product Development
Product Development
See 3 endorsements for Product Development
3
Business Analysis
See 3 endorsements for Business Analysis
3
Endorse Chris for skill: Mobile Applications
Mobile Applications
See 2 endorsements for Mobile Applications
2
Testing
See 2 endorsements for Testing
2
Endorse Chris for skill: Cloud Computing
Cloud Computing
See 2 endorsements for Cloud Computing
2
Agile Project Management
See 1 endorsement for Agile Project Management
1
Endorse Chris for skill: Business Intelligence
Business Intelligence
See 1 endorsement for Business Intelligence
1
Web Applications
See 1 endorsement for Web Applications
1
Endorse Chris for skill: Mobile Devices
Mobile Devices
See 1 endorsement for Mobile Devices
1
Test Driven Development
Endorse Chris for skill: Software Design
Software Design
Tools & Technologies
SaaS
See 9 endorsements for SaaS
9
Endorse Chris for skill: SQL
SQL
See 7 endorsements for SQL
7
Enterprise Software
See 5 endorsements for Enterprise Software
5
Endorse Chris for skill: PostgreSQL
PostgreSQL
See 2 endorsements for PostgreSQL
2
jQuery
See 1 endorsement for jQuery
1
Endorse Chris for skill: Open Source
Open Source
See 1 endorsement for Open Source
1
Amazon Web Services (AWS)
See 1 endorsement for Amazon Web Services (AWS)
1
Endorse Chris for skill: Ruby on Rails
Ruby on Rails
Interpersonal Skills
Leadership
See 20 endorsements for Leadership
20
Endorse Chris for skill: Team Leadership
Team Leadership
See 13 endorsements for Team Leadership
13
Team Management
See 2 endorsements for Team Management
2
Endorse Chris for skill: Executive Management
Executive Management
See 1 endorsement for Executive Management
1
Other Skills
What is Other category?
Networking
See 7 endorsements for Networking
7
Endorse Chris for skill: CoffeeScript
CoffeeScript
HAML
Show less
Show only Chris‚Äô featured skills Ask for a recommendation
Recommend Chris
Recommendations
Received (13)
Given (10)
Keith Aubin
Sr. Director of Development at Ascend Analytics
July 6, 2013, Keith worked with Chris in different groups
Chris has a keen business sense of what should and should not be done in a software company at a high level, and the technical know-how to understand the software development process and all of its complex details. Chris came in as a fresh face to both his team and the company. He was able to take a morale challenged team and turn them around quickly by assessing and addressing the relevant challenges. This accomplishment was just the first of many examples that demonstrated his ability to quickly grasp the core issues at hand and take the appropriate actions to rectify them regardless of the difficulty or popularity of those actions. Additionally, Chris was good to work with and is always a pleasure to talk to. I give him my full recommendation.
Simon Taranto
üëã Software Engineer | Product Builder
June 27, 2013, Simon reported directly to Chris
Chris was an engaged and approachable manager. From his broad industry experiences to software expertise I learned something new from every conversation I had with him. Chris excels at managing technical teams working on multiple complex projects and is a true pleasure to work with.
Andrew Tracy
Software Engineer at Seegrid
May 16, 2013, Andrew reported directly to Chris
I was glad to be managed by Chris while working at Ascend Analytics. Chris excelled at managing projects, had the technical skills necessary to produce an effective software product, and inspired those around him with his own enthusiasm. At an early stage in my professional career, he was an excellent role model.

Chris was very good at collaborating with others inside the company to accomplish what needed to be done. He was equally effective at listening to others' ideas and expressing his own. Chris, more than anyone else at the company, took the interest of his fellow employees to mind when making decisions. He also handled client relationships very well was instrumental in maintaining a number of critical accounts.

Chris gave me the opportunity to express ideas for a number of projects that I envisioned and made sure I had the resources I needed to see them through to completion, including a time-management tool and a software testing framework.

I would highly recommend Chris.
Amy Fowler Stadler
Client Executive/Managing Partner/Founder/Visionary Technology Executive, Transformation Leader
May 3, 2013, Amy worked with Chris but at different companies
Chris and I worked together on a large program effort for several Pacific Northwest customers. While the program had many challenges, I felt Chris worked with my team in a very professional and capable manner. Chris always tried to negotiate positive solutions and outcomes for all parties involved. Chris worked with his technology team to drive results and customer service. I would work with Chris again in a heartbeat.
Steve Reaser
Founder, Scratch Labs
April 30, 2013, Chris worked with Steve in the same group
It's rare to find someone who can build and manage a high-performing technical team who just happens to also be able to architect and program complex software systems... but that's what you get in Chris Doyle.

In our work at Funding Launchpad / Vim Funding we were creating a platform from scratch with little in the way of resources or pre-built design specs. Chris was able to help us organize our requirements, architect a robust system, and iterate the platform rapidly as we learned from early customers. He is an expert at planning ahead without over-engineering, and was always easy to communicate with -- not always the case with highly technical folks.

In a nutshell: if I were building my dream team Chris is absolutely one of the people I would want on board.
Natasha Whitney
Software Engineer
April 21, 2013, Natasha reported directly to Chris
I had the pleasure of reporting directly to Chris at Ascend Analytics. Chris came on board and became effective as Director of Software Services almost immediately, quickly familiarizing himself with the particulars of each project and developing actionable and achievable directives for them and for the Services team at large. For example, Chris implemented Services Scrum activities, requiring each team-member to complete one weekly task that improved operations for the whole team. Chris also prioritized involvement and feedback, frequently touching base with each individual about their ongoing responsibilities as well as establishing a relationship with the primary contacts for each project early on. With Chris' feedback and direction, I was able to streamline the projects that I was working on as well as improve the overall service that I provided.
Dave Milliken
I grow brands. From startup through Fortune 500 I have a track record of driving sales and brand equity growth.
April 19, 2013, Dave worked with Chris in different groups
Chris is a dynamic contributor to any technical team. Not only is he an excellent programmer and manager of technical people, he also has an exceptional mind for business. So much so I never hesitated putting Chris in front of potential clients or including him in vital strategic decisions.
Show 5 more
Show less
Show more "
