,words
0,efficiency
1,web
2,groups
3,quality
4,regression
5,Proven
6,inc
7,small
8,improvement
9,language
10,matplotlib
11,’
12,united
13,knowledge
14,scipy
15,master
16,sql
17,log
18,excel
19,achieve
20,high-end
21,productivity
22,data
23,people
24,processes
25,Colorado
26,machine
27,focused
28,states
29,Greater
30,order
31,within
32,Scientist
33,economics
34,built
35,learning
36,public
37,aug
38,increase
39,Area
40,postgresql
41,continuous
42,mo
43,logwork
44,wood
45,department
46,powerpoint
47,services
48,galvanize
49,present
50,works
51,sep
52,background
53,office
54,programming
55,skills
56,managed
57,amazon
58,leader
59,spark
60,improved
61,technologies
62,blue
63,microsoft
64,furniture
65,without
66,area
67,custom
68,techniques
69,–
70,mos
71,greater
72,speaking
73,numpy
74,ridge
75,acquired
76,software
77,reclaimed
78,Seattle
79,sacrificing
80,company
81,scikit-learn
82,mongodb
83,student
84,industry
85,aws
86,apache
87,Data
88,analysis
89,continuously
90,flask
91,python
92,pandas
93,new
94,tools
95,yrs
96,seattle
97,selenium
98,econometrics
99,experience
